uuid,qr,user-agent,x-forwarded-for,cookie,createdAt,updatedAt
d90c4f70-abac-11ec-b038-95edd76e5360,5vtLaVFh1dDGvBvg,"Mozilla/5.0 (Windows NT 10.0; Win64; x64) AppleWebKit/537.36 (KHTML, like Gecko) Chrome/98.0.4758.87 Safari/537.36",40.94.33.97,,3/24/2022 15:59,3/24/2022 15:59
d8b24890-abac-11ec-b038-95edd76e5360,5vtLaVFh1dDGvBvg,"Mozilla/5.0 (Windows NT 10.0; Win64; x64) AppleWebKit/537.36 (KHTML, like Gecko) Chrome/97.0.4692.99 Safari/537.36",40.94.26.135,,3/24/2022 15:58,3/24/2022 15:58
d3987810-ab9e-11ec-b038-95edd76e5360,CRgEmDKgXGDNYEw4,"Mozilla/5.0 (Linux; Android 12; Pixel 5a) AppleWebKit/537.36 (KHTML, like Gecko) Chrome/99.0.4844.73 Mobile Safari/537.36",128.84.125.0,xXntCZMHqCS_2yroLQNqSsOlb5ipa_UO,3/24/2022 14:18,3/24/2022 14:18
6ce71b10-aa0b-11ec-a56b-290fda2265bd,CRgEmDKgXGDNYEw4,"Mozilla/5.0 (iPhone; CPU iPhone OS 15_3_1 like Mac OS X) AppleWebKit/605.1.15 (KHTML, like Gecko) Version/15.3 Mobile/15E148 Safari/604.1",128.84.126.3,iAo7y-u-Bwoxuiyayf9G70eGJlAvt5Ps,3/22/2022 14:10,3/22/2022 14:11
c2bbcb70-a9fd-11ec-a56b-290fda2265bd,CRgEmDKgXGDNYEw4,"Mozilla/5.0 (iPhone; CPU iPhone OS 15_3_1 like Mac OS X) AppleWebKit/605.1.15 (KHTML, like Gecko) Version/15.3 Mobile/15E148 Safari/604.1",128.84.124.84,,3/22/2022 12:33,3/22/2022 12:33
ca8cfc20-a9fd-11ec-a56b-290fda2265bd,CRgEmDKgXGDNYEw4,"Mozilla/5.0 (iPhone; CPU iPhone OS 15_3_1 like Mac OS X) AppleWebKit/605.1.15 (KHTML, like Gecko) Version/15.3 Mobile/15E148 Safari/604.1",128.84.124.84,fFKfIT7VAWeDb_B6hge5JLDV6SsZEZAc,3/22/2022 12:33,3/22/2022 12:33
c4a550c0-a730-11ec-9925-27dd9828bc99,6YaMVoix5Sn23V5w,"Mozilla/5.0 (iPhone; CPU iPhone OS 15_3_1 like Mac OS X) AppleWebKit/605.1.15 (KHTML, like Gecko) Version/15.3 Mobile/15E148 Safari/604.1",24.97.110.217,,3/18/2022 23:00,3/18/2022 23:00
15e329d0-a6f5-11ec-9925-27dd9828bc99,CRgEmDKgXGDNYEw4,"Mozilla/5.0 (iPhone; CPU iPhone OS 14_7_1 like Mac OS X) AppleWebKit/605.1.15 (KHTML, like Gecko) Version/14.1.2 Mobile/15E148 Safari/604.1",166.205.147.41,fvT9YCBktJv2WAzdhbYhtE8YRnCtPve6,3/18/2022 15:53,3/18/2022 15:53
a91d6d90-a6f1-11ec-9925-27dd9828bc99,6YaMVoix5Sn23V5w,"Mozilla/5.0 (iPhone; CPU iPhone OS 15_3_1 like Mac OS X) AppleWebKit/605.1.15 (KHTML, like Gecko) Version/15.3 Mobile/15E148 Safari/604.1",128.84.125.154,qry_fpwnNa5vgXFSllt7chCXSHZQTLrc,3/18/2022 15:28,3/18/2022 15:29
476950f0-a633-11ec-ae25-6fa587b48294,6YaMVoix5Sn23V5w,"Mozilla/5.0 (iPhone; CPU iPhone OS 15_4 like Mac OS X) AppleWebKit/605.1.15 (KHTML, like Gecko) Version/15.4 Mobile/15E148 Safari/604.1",104.28.55.245,uGyfr24NGXPo5uvKyM8bD4q9k00JQ1xl,3/17/2022 16:46,3/17/2022 16:46
0f9ac7d0-a3db-11ec-9ae2-8772940228cd,m0oF17fPBYdWTrTg,"Mozilla/5.0 (iPhone; CPU iPhone OS 15_3_1 like Mac OS X) AppleWebKit/605.1.15 (KHTML, like Gecko) Version/15.3 Mobile/15E148 Safari/604.1",128.84.124.29,pVvJp8BlgH9mwP_z7SqOAxpVZ5DejUQH,3/14/2022 17:09,3/14/2022 17:09
b108f570-a08d-11ec-a834-e96f66058bd6,rJln8GpiPyf4xZTx,"Mozilla/5.0 (iPhone; CPU iPhone OS 15_3_1 like Mac OS X) AppleWebKit/605.1.15 (KHTML, like Gecko) Version/15.3 Mobile/15E148 Safari/604.1",128.84.127.215,cvD4N0Y5rZ34RYWeutWOjGuaA6e2D1XI,3/10/2022 11:18,3/10/2022 11:18
cc1a2b50-9f06-11ec-a6fc-3f70d7bb0a98,m0oF17fPBYdWTrTg,"Mozilla/5.0 (iPhone; CPU iPhone OS 15_3_1 like Mac OS X) AppleWebKit/605.1.15 (KHTML, like Gecko) Version/15.3 Mobile/15E148 Safari/604.1",128.84.125.66,PPNFnmsxrvEoE-BehtZ1GFyUNin3sMln,3/8/2022 12:40,3/8/2022 12:40
f7e809e0-9ef8-11ec-a6fc-3f70d7bb0a98,m0oF17fPBYdWTrTg,"Mozilla/5.0 (iPhone; CPU iPhone OS 15_3 like Mac OS X) AppleWebKit/605.1.15 (KHTML, like Gecko) CriOS/98.0.4758.97 Mobile/15E148 Safari/604.1",128.84.125.69,F2aK3_g83tJyuiOUFnj2mvMbRcf_gY_Q,3/8/2022 11:01,3/8/2022 11:01
51f4cab0-9b32-11ec-92b9-11ba3104d73e,5gzoezWXOyyd3tNk,"Mozilla/5.0 (iPhone; CPU iPhone OS 14_8_1 like Mac OS X) AppleWebKit/605.1.15 (KHTML, like Gecko) Version/14.1.2 Mobile/15E148 Safari/604.1",128.84.127.188,0kLWCQ0LN6SwDX9KWr2IfQqxPF8_wyhc,3/3/2022 15:41,3/3/2022 15:41
3760c860-9a7a-11ec-93b0-6b2d05d45b44,m0oF17fPBYdWTrTg,"Mozilla/5.0 (iPhone; CPU iPhone OS 15_3_1 like Mac OS X) AppleWebKit/605.1.15 (KHTML, like Gecko) Version/15.3 Mobile/15E148 Safari/604.1",104.28.56.3,uz1UuTlYcS2VJqltK7YRyL9F8Lwi5Br6,3/2/2022 17:43,3/2/2022 17:43
4f4348f0-99b6-11ec-bbf1-79c71bc42fae,rJln8GpiPyf4xZTx,"Mozilla/5.0 (iPhone; CPU iPhone OS 15_3_1 like Mac OS X) AppleWebKit/605.1.15 (KHTML, like Gecko) Version/15.3 Mobile/15E148 Safari/604.1",128.84.125.153,DFr74kcF_8cxAWec3U11ZeYq0K5EgNmb,3/1/2022 18:21,3/1/2022 18:21
9e298460-98e0-11ec-9e43-9d7198f3ac5e,rJln8GpiPyf4xZTx,"Mozilla/5.0 (iPhone; CPU iPhone OS 15_3_1 like Mac OS X) AppleWebKit/605.1.15 (KHTML, like Gecko) Version/15.3 Mobile/15E148 Safari/604.1",128.84.125.246,1iSc7YNAcJgpAtf1mbekIOBS3LvcqUUZ,2/28/2022 16:51,2/28/2022 16:51
9728c310-98e0-11ec-9e43-9d7198f3ac5e,m0oF17fPBYdWTrTg,"Mozilla/5.0 (iPhone; CPU iPhone OS 15_3_1 like Mac OS X) AppleWebKit/605.1.15 (KHTML, like Gecko) Version/15.3 Mobile/15E148 Safari/604.1",128.84.125.246,1iSc7YNAcJgpAtf1mbekIOBS3LvcqUUZ,2/28/2022 16:51,2/28/2022 16:51
03896470-98ae-11ec-9e43-9d7198f3ac5e,5gzoezWXOyyd3tNk,"Mozilla/5.0 (Macintosh; Intel Mac OS X 10_14_6) AppleWebKit/537.36 (KHTML, like Gecko) Chrome/98.0.4758.109 Safari/537.36",69.203.92.62,KI91KEqZ5T-jquwsj3wuem7Rc7Tfil9r,2/28/2022 10:49,2/28/2022 10:49
fd763770-98ad-11ec-9e43-9d7198f3ac5e,64Z32pVHc536Vypz,"Mozilla/5.0 (Macintosh; Intel Mac OS X 10_14_6) AppleWebKit/537.36 (KHTML, like Gecko) Chrome/98.0.4758.109 Safari/537.36",69.203.92.62,KI91KEqZ5T-jquwsj3wuem7Rc7Tfil9r,2/28/2022 10:49,2/28/2022 10:49
09820490-98ae-11ec-9e43-9d7198f3ac5e,rpHSF5jvHb0vDswK,"Mozilla/5.0 (Macintosh; Intel Mac OS X 10_14_6) AppleWebKit/537.36 (KHTML, like Gecko) Chrome/98.0.4758.109 Safari/537.36",69.203.92.62,KI91KEqZ5T-jquwsj3wuem7Rc7Tfil9r,2/28/2022 10:49,2/28/2022 10:49
4712d4d0-9843-11ec-9e43-9d7198f3ac5e,wfK9lHLEP1gyrcn0,"Mozilla/5.0 (Macintosh; Intel Mac OS X 10_14_6) AppleWebKit/537.36 (KHTML, like Gecko) Chrome/98.0.4758.109 Safari/537.36",69.203.92.62,KI91KEqZ5T-jquwsj3wuem7Rc7Tfil9r,2/27/2022 22:05,2/27/2022 22:05
96869d70-95b0-11ec-aa15-a3923329628c,xD8cVZd8X6aCU5ij,"Mozilla/5.0 (Windows NT 10.0; Win64; x64) AppleWebKit/537.36 (KHTML, like Gecko) Chrome/79.0.3945.136 Safari/537.36",40.94.20.30,,2/24/2022 15:30,2/24/2022 15:30
950be450-95b0-11ec-aa15-a3923329628c,xD8cVZd8X6aCU5ij,"Mozilla/5.0 (Windows NT 10.0; Win64; x64) AppleWebKit/537.36 (KHTML, like Gecko) Chrome/79.0.3945.130 Safari/537.36",40.94.25.223,,2/24/2022 15:30,2/24/2022 15:30
95111470-95b0-11ec-aa15-a3923329628c,DEtFzEXtKTEALFj7,"Mozilla/5.0 (Windows NT 10.0; Win64; x64) AppleWebKit/537.36 (KHTML, like Gecko) Chrome/79.0.3945.130 Safari/537.36",40.94.25.173,,2/24/2022 15:30,2/24/2022 15:30
96862840-95b0-11ec-aa15-a3923329628c,DEtFzEXtKTEALFj7,"Mozilla/5.0 (Windows NT 10.0; Win64; x64) AppleWebKit/537.36 (KHTML, like Gecko) Chrome/79.0.3945.136 Safari/537.36",40.94.20.97,,2/24/2022 15:30,2/24/2022 15:30
35d3a140-95af-11ec-aa15-a3923329628c,kC5pIMq5K3fPH2vw,"Mozilla/5.0 (iPhone; CPU iPhone OS 15_3_1 like Mac OS X) AppleWebKit/605.1.15 (KHTML, like Gecko) Version/15.3 Mobile/15E148 Safari/604.1",128.84.125.208,1iSc7YNAcJgpAtf1mbekIOBS3LvcqUUZ,2/24/2022 15:20,2/24/2022 15:20
60bfb4e0-95ad-11ec-aa15-a3923329628c,CRgEmDKgXGDNYEw4,"Mozilla/5.0 (iPhone; CPU iPhone OS 15_3_1 like Mac OS X) AppleWebKit/605.1.15 (KHTML, like Gecko) Version/15.3 Mobile/15E148 Safari/604.1",128.84.125.208,1iSc7YNAcJgpAtf1mbekIOBS3LvcqUUZ,2/24/2022 15:07,2/24/2022 15:07
795b0cb0-94be-11ec-92a8-af64d716f0c6,rJln8GpiPyf4xZTx,"Mozilla/5.0 (iPhone; CPU iPhone OS 15_3_1 like Mac OS X) AppleWebKit/605.1.15 (KHTML, like Gecko) Version/15.3 Mobile/15E148 Safari/604.1",128.84.127.33,1iSc7YNAcJgpAtf1mbekIOBS3LvcqUUZ,2/23/2022 10:37,2/23/2022 10:37
da00b2c0-940c-11ec-bd07-070c25c649c7,rJln8GpiPyf4xZTx,"Mozilla/5.0 (iPhone; CPU iPhone OS 14_7_1 like Mac OS X) AppleWebKit/605.1.15 (KHTML, like Gecko) Version/14.1.2 Mobile/15E148 Safari/604.1",174.244.114.122,NLWhBJv0UE7wDtdBDlzMEKYtDJaq0OM8,2/22/2022 13:25,2/22/2022 13:26
ce8b4cc0-935d-11ec-bd07-070c25c649c7,5gzoezWXOyyd3tNk,"Mozilla/5.0 (Linux; Android 11; moto g stylus) AppleWebKit/537.36 (KHTML, like Gecko) Chrome/98.0.4758.101 Mobile Safari/537.36",128.84.127.86,pIGO1NDELKWCVBVdYOj5z2LWrTgBnVoZ,2/21/2022 16:32,2/21/2022 16:32
bdc46890-935d-11ec-bd07-070c25c649c7,5gzoezWXOyyd3tNk,"Mozilla/5.0 (Linux; Android 11; moto g stylus) AppleWebKit/537.36 (KHTML, like Gecko) Chrome/98.0.4758.101 Mobile Safari/537.36",128.84.127.86,,2/21/2022 16:32,2/21/2022 16:32
94dbd270-9325-11ec-81f8-0b9887f4eb42,64Z32pVHc536Vypz,"Mozilla/5.0 (iPhone; CPU iPhone OS 15_3_1 like Mac OS X) AppleWebKit/605.1.15 (KHTML, like Gecko) Version/15.3 Mobile/15E148 Safari/604.1",174.244.112.161,gY5c-VcjsuvF7fjMVqpjRZF_tdhHpZoE,2/21/2022 9:50,2/21/2022 9:50
58e205b0-904a-11ec-be72-65798f5d6a49,09zpKUiyl1whvYsJ,"Mozilla/5.0 (iPhone; CPU iPhone OS 15_2_1 like Mac OS X) AppleWebKit/605.1.15 (KHTML, like Gecko) Version/15.2 Mobile/15E148 Safari/604.1",104.28.133.63,jBx5eWHHtWlGHBUZc5puQCxopSGhlUHp,2/17/2022 18:35,2/17/2022 18:35
84f9b5f0-9025-11ec-be72-65798f5d6a49,wfK9lHLEP1gyrcn0,"Mozilla/5.0 (Macintosh; Intel Mac OS X 10_14_6) AppleWebKit/537.36 (KHTML, like Gecko) Chrome/98.0.4758.80 Safari/537.36",69.203.92.62,KI91KEqZ5T-jquwsj3wuem7Rc7Tfil9r,2/17/2022 14:12,2/17/2022 14:12
2150a1f0-8f79-11ec-9e90-9d3b1b85ac1e,5gzoezWXOyyd3tNk,"Mozilla/5.0 (iPhone; CPU iPhone OS 13_3_1 like Mac OS X) AppleWebKit/605.1.15 (KHTML, like Gecko) Version/13.0.5 Mobile/15E148 Safari/604.1",107.77.225.170,GWkFTIw5qtgC0duGEdecEYdyY-Myjzcp,2/16/2022 17:38,2/16/2022 17:38
66541310-8f59-11ec-9e90-9d3b1b85ac1e,rJln8GpiPyf4xZTx,"Mozilla/5.0 (iPhone; CPU iPhone OS 15_3 like Mac OS X) AppleWebKit/605.1.15 (KHTML, like Gecko) Version/15.3 Mobile/15E148 Safari/604.1",172.58.219.255,1iSc7YNAcJgpAtf1mbekIOBS3LvcqUUZ,2/16/2022 13:51,2/16/2022 13:51
654075a0-8f58-11ec-9e90-9d3b1b85ac1e,9LbZIbvk8Fa56I8j,"Mozilla/5.0 (Windows NT 10.0; Win64; x64) AppleWebKit/537.36 (KHTML, like Gecko) Chrome/79.0.3945.136 Safari/537.36",40.94.27.85,,2/16/2022 13:43,2/16/2022 13:43
65402780-8f58-11ec-9e90-9d3b1b85ac1e,z3bA40aCCLeJGeGt,"Mozilla/5.0 (Windows NT 10.0; Win64; x64) AppleWebKit/537.36 (KHTML, like Gecko) Chrome/79.0.3945.136 Safari/537.36",40.94.27.95,,2/16/2022 13:43,2/16/2022 13:43
4b09a4e0-8f58-11ec-9e90-9d3b1b85ac1e,z3bA40aCCLeJGeGt,"Mozilla/5.0 (Windows NT 10.0; Win64; x64) AppleWebKit/537.36 (KHTML, like Gecko) Chrome/79.0.3945.130 Safari/537.36",40.94.36.30,,2/16/2022 13:43,2/16/2022 13:43
4afc1050-8f58-11ec-9e90-9d3b1b85ac1e,9LbZIbvk8Fa56I8j,"Mozilla/5.0 (Windows NT 10.0; Win64; x64) AppleWebKit/537.36 (KHTML, like Gecko) Chrome/79.0.3945.130 Safari/537.36",40.94.36.55,,2/16/2022 13:43,2/16/2022 13:43
653f8b40-8f58-11ec-9e90-9d3b1b85ac1e,eWya1TcvCla7kMGk,"Mozilla/5.0 (Windows NT 10.0; Win64; x64) AppleWebKit/537.36 (KHTML, like Gecko) Chrome/79.0.3945.136 Safari/537.36",40.94.27.16,,2/16/2022 13:43,2/16/2022 13:43
4afc8580-8f58-11ec-9e90-9d3b1b85ac1e,eWya1TcvCla7kMGk,"Mozilla/5.0 (Windows NT 10.0; Win64; x64) AppleWebKit/537.36 (KHTML, like Gecko) Chrome/79.0.3945.130 Safari/537.36",40.94.36.56,,2/16/2022 13:43,2/16/2022 13:43
70f342c0-8f57-11ec-9e90-9d3b1b85ac1e,6YaMVoix5Sn23V5w,"Mozilla/5.0 (iPhone; CPU iPhone OS 15_3 like Mac OS X) AppleWebKit/605.1.15 (KHTML, like Gecko) Version/15.3 Mobile/15E148 Safari/604.1",128.84.124.84,1iSc7YNAcJgpAtf1mbekIOBS3LvcqUUZ,2/16/2022 13:37,2/16/2022 13:37
ece140a0-8f55-11ec-9e90-9d3b1b85ac1e,rJln8GpiPyf4xZTx,"Mozilla/5.0 (iPhone; CPU iPhone OS 15_3 like Mac OS X) AppleWebKit/605.1.15 (KHTML, like Gecko) Version/15.3 Mobile/15E148 Safari/604.1",128.84.124.84,1iSc7YNAcJgpAtf1mbekIOBS3LvcqUUZ,2/16/2022 13:26,2/16/2022 13:26
c12002c0-8e93-11ec-bdd6-478b3b1f8e77,09zpKUiyl1whvYsJ,"Mozilla/5.0 (iPhone; CPU iPhone OS 15_2_1 like Mac OS X) AppleWebKit/605.1.15 (KHTML, like Gecko) Version/15.2 Mobile/15E148 Safari/604.1",174.244.113.150,1HEaRkO6xWP_enKyxpw1CbW3VdYvTJOV,2/15/2022 14:16,2/15/2022 14:16
ae8f5b10-8e93-11ec-bdd6-478b3b1f8e77,09zpKUiyl1whvYsJ,"Mozilla/5.0 (iPhone; CPU iPhone OS 15_2_1 like Mac OS X) AppleWebKit/605.1.15 (KHTML, like Gecko) Version/15.2 Mobile/15E148 Safari/604.1",174.244.113.150,1HEaRkO6xWP_enKyxpw1CbW3VdYvTJOV,2/15/2022 14:15,2/15/2022 14:15
49444700-8a9e-11ec-b8cb-3f327c57d805,8tmbfmJKBlle6gAx,"Mozilla/5.0 (Windows NT 10.0; Win64; x64) AppleWebKit/537.36 (KHTML, like Gecko) Chrome/80.0.3987.87 Safari/537.36",40.94.25.20,,2/10/2022 13:21,2/10/2022 13:21
e9ec6e00-8a9c-11ec-b8cb-3f327c57d805,5gzoezWXOyyd3tNk,"Mozilla/5.0 (iPhone; CPU iPhone OS 15_3 like Mac OS X) AppleWebKit/605.1.15 (KHTML, like Gecko) Version/15.3 Mobile/15E148 Safari/604.1",128.84.124.36,1iSc7YNAcJgpAtf1mbekIOBS3LvcqUUZ,2/10/2022 13:11,2/10/2022 13:11
62f83680-8a7a-11ec-b8cb-3f327c57d805,09zpKUiyl1whvYsJ,"Mozilla/5.0 (iPhone; CPU iPhone OS 15_1 like Mac OS X) AppleWebKit/605.1.15 (KHTML, like Gecko) Mobile/15E148 MicroMessenger/8.0.18(0x1800122b) NetType/WIFI Language/zh_CN",221.15.25.100,A7Y8GLzEyc7naYsiRbTOsTwxLvXyP5n-,2/10/2022 9:04,2/10/2022 9:04
a3c252a0-8a79-11ec-b8cb-3f327c57d805,09zpKUiyl1whvYsJ,"Mozilla/5.0 (iPhone; CPU iPhone OS 15_1_1 like Mac OS X) AppleWebKit/605.1.15 (KHTML, like Gecko) Version/15.1 Mobile/15E148 Safari/604.1",24.97.110.217,EV6-0fDdwlCiXn0M42tI5_eqbL0LFQ4y,2/10/2022 8:59,2/10/2022 8:59
25f7cab0-8909-11ec-b040-e95216d15944,09zpKUiyl1whvYsJ,"Mozilla/5.0 (Linux; Android 11; SM-A102U Build/RP1A.200720.012; wv) AppleWebKit/537.36 (KHTML, like Gecko) Version/4.0 Chrome/98.0.4758.87 Mobile Safari/537.36",128.84.125.206,,2/8/2022 13:01,2/8/2022 13:01
d64c10f0-8860-11ec-a56d-756ed1048fff,09zpKUiyl1whvYsJ,"Mozilla/5.0 (iPhone; CPU iPhone OS 14_6 like Mac OS X) AppleWebKit/605.1.15 (KHTML, like Gecko) Version/14.1.1 Mobile/15E148 Safari/604.1",128.84.127.67,OtTXddU-hKFXQFaJe6-Asray1czF_Ac8,2/7/2022 16:56,2/7/2022 16:56
dc9fa130-8511-11ec-95b7-d56d5ee2f5f2,wfK9lHLEP1gyrcn0,"Mozilla/5.0 (Macintosh; Intel Mac OS X 10_14_6) AppleWebKit/537.36 (KHTML, like Gecko) Chrome/97.0.4692.99 Safari/537.36",69.203.92.62,KI91KEqZ5T-jquwsj3wuem7Rc7Tfil9r,2/3/2022 11:53,2/3/2022 11:53
b7f4ba50-8511-11ec-95b7-d56d5ee2f5f2,wfK9lHLEP1gyrcn0,"Mozilla/5.0 (Macintosh; Intel Mac OS X 10_14_6) AppleWebKit/537.36 (KHTML, like Gecko) Chrome/97.0.4692.99 Safari/537.36",69.203.92.62,KI91KEqZ5T-jquwsj3wuem7Rc7Tfil9r,2/3/2022 11:52,2/3/2022 11:52
1950c7e0-838b-11ec-a678-05ac30289691,09zpKUiyl1whvYsJ,"Mozilla/5.0 (iPhone; CPU iPhone OS 15_3 like Mac OS X) AppleWebKit/605.1.15 (KHTML, like Gecko) Version/15.3 Mobile/15E148 Safari/604.1",128.84.125.87,1iSc7YNAcJgpAtf1mbekIOBS3LvcqUUZ,2/1/2022 13:16,2/1/2022 13:16
2e6856b0-82c9-11ec-927e-f7cfb7ab4409,ZltOrXMXrjt060V3,"Mozilla/5.0 (iPhone; CPU iPhone OS 15_3 like Mac OS X) AppleWebKit/605.1.15 (KHTML, like Gecko) Version/15.3 Mobile/15E148 Safari/604.1",128.84.125.87,1iSc7YNAcJgpAtf1mbekIOBS3LvcqUUZ,1/31/2022 14:08,1/31/2022 14:08
d96e0920-82c8-11ec-927e-f7cfb7ab4409,09zpKUiyl1whvYsJ,"Mozilla/5.0 (iPhone; CPU iPhone OS 15_3 like Mac OS X) AppleWebKit/605.1.15 (KHTML, like Gecko) Version/15.3 Mobile/15E148 Safari/604.1",128.84.125.87,1iSc7YNAcJgpAtf1mbekIOBS3LvcqUUZ,1/31/2022 14:06,1/31/2022 14:06
74c9b910-82c8-11ec-927e-f7cfb7ab4409,09zpKUiyl1whvYsJ,"Mozilla/5.0 (iPhone; CPU iPhone OS 15_3 like Mac OS X) AppleWebKit/605.1.15 (KHTML, like Gecko) Version/15.3 Mobile/15E148 Safari/604.1",128.84.125.87,1iSc7YNAcJgpAtf1mbekIOBS3LvcqUUZ,1/31/2022 14:03,1/31/2022 14:03
18e30ed0-82c3-11ec-927e-f7cfb7ab4409,09zpKUiyl1whvYsJ,"Mozilla/5.0 (Macintosh; Intel Mac OS X 10_14_6) AppleWebKit/537.36 (KHTML, like Gecko) Chrome/97.0.4692.99 Safari/537.36",69.203.92.62,KI91KEqZ5T-jquwsj3wuem7Rc7Tfil9r,1/31/2022 13:24,1/31/2022 13:24
ca18c8b0-824c-11ec-927e-f7cfb7ab4409,09zpKUiyl1whvYsJ,"Mozilla/5.0 (Linux; Android 8.0.0; LG-H918) AppleWebKit/537.36 (KHTML, like Gecko) Chrome/96.0.4664.104 Mobile Safari/537.36",69.203.92.62,iTlyEaZMgLBP0o_XfLVu9lU_F9S1a4Nu,1/30/2022 23:18,1/30/2022 23:18
cb7f84a0-824c-11ec-927e-f7cfb7ab4409,09zpKUiyl1whvYsJ,"Mozilla/5.0 (Linux; Android 8.0.0; LG-H918) AppleWebKit/537.36 (KHTML, like Gecko) Chrome/96.0.4664.104 Mobile Safari/537.36",69.203.92.62,iTlyEaZMgLBP0o_XfLVu9lU_F9S1a4Nu,1/30/2022 23:18,1/30/2022 23:18
b3ccedc0-824c-11ec-927e-f7cfb7ab4409,wfK9lHLEP1gyrcn0,"Mozilla/5.0 (Linux; Android 8.0.0; LG-H918) AppleWebKit/537.36 (KHTML, like Gecko) Chrome/96.0.4664.104 Mobile Safari/537.36",69.203.92.62,iTlyEaZMgLBP0o_XfLVu9lU_F9S1a4Nu,1/30/2022 23:17,1/30/2022 23:17
b1af3de0-824c-11ec-927e-f7cfb7ab4409,wfK9lHLEP1gyrcn0,"Mozilla/5.0 (Linux; Android 8.0.0; LG-H918) AppleWebKit/537.36 (KHTML, like Gecko) Chrome/96.0.4664.104 Mobile Safari/537.36",69.203.92.62,,1/30/2022 23:17,1/30/2022 23:17
b79ba900-824c-11ec-927e-f7cfb7ab4409,wfK9lHLEP1gyrcn0,"Mozilla/5.0 (Linux; Android 8.0.0; LG-H918) AppleWebKit/537.36 (KHTML, like Gecko) Chrome/96.0.4664.104 Mobile Safari/537.36",69.203.92.62,iTlyEaZMgLBP0o_XfLVu9lU_F9S1a4Nu,1/30/2022 23:17,1/30/2022 23:17
6bc85820-824c-11ec-927e-f7cfb7ab4409,09zpKUiyl1whvYsJ,"Mozilla/5.0 (Macintosh; Intel Mac OS X 10_14_6) AppleWebKit/537.36 (KHTML, like Gecko) Chrome/97.0.4692.99 Safari/537.36",69.203.92.62,KI91KEqZ5T-jquwsj3wuem7Rc7Tfil9r,1/30/2022 23:15,1/30/2022 23:15
59dbdfb0-824c-11ec-927e-f7cfb7ab4409,wfK9lHLEP1gyrcn0,"Mozilla/5.0 (Macintosh; Intel Mac OS X 10_14_6) AppleWebKit/537.36 (KHTML, like Gecko) Chrome/97.0.4692.99 Safari/537.36",69.203.92.62,KI91KEqZ5T-jquwsj3wuem7Rc7Tfil9r,1/30/2022 23:14,1/30/2022 23:14
57315920-824c-11ec-927e-f7cfb7ab4409,wfK9lHLEP1gyrcn0,"Mozilla/5.0 (Macintosh; Intel Mac OS X 10_14_6) AppleWebKit/537.36 (KHTML, like Gecko) Chrome/97.0.4692.99 Safari/537.36",69.203.92.62,,1/30/2022 23:14,1/30/2022 23:14
